{"cameraMode":{"drawMode":0,"name":"Shaded","section":"Shading Mode"},"sceneLighting":false,"audioPlay":false,"sceneViewState":{"showFog":true,"showMaterialUpdate":false,"showSkybox":false,"showFlares":true,"showImageEffects":true,"showParticleSystems":true},"in2DMode":false,"pivot":{"x":0.820677638053894,"y":25.613826751708986,"z":1.2232526540756226},"rotation":{"x":-0.04351058602333069,"y":-0.2916618883609772,"z":0.012629445642232895,"w":-0.9556574821472168},"size":11.81557846069336,"orthographic":false}