{"cameraMode":{"drawMode":0,"name":"Shaded","section":"Shading Mode"},"sceneLighting":false,"audioPlay":false,"sceneViewState":{"showFog":true,"showMaterialUpdate":false,"showSkybox":false,"showFlares":true,"showImageEffects":true,"showParticleSystems":true},"in2DMode":false,"pivot":{"x":-0.38176751136779787,"y":25.61382484436035,"z":-11.675886154174805},"rotation":{"x":0.10902132093906403,"y":-0.3260152339935303,"z":0.0383598655462265,"w":0.9384709000587463},"size":10.07007122039795,"orthographic":false}