{"cameraMode":{"drawMode":0,"name":"Shaded","section":"Shading Mode"},"sceneLighting":true,"audioPlay":false,"sceneViewState":{"showFog":true,"showMaterialUpdate":false,"showSkybox":true,"showFlares":true,"showImageEffects":true,"showParticleSystems":true},"in2DMode":false,"pivot":{"x":-8.493456840515137,"y":88.43264770507813,"z":59.699729919433597},"rotation":{"x":0.10671292990446091,"y":-0.5397986173629761,"z":0.06976402550935745,"w":0.832371711730957},"size":191.71669006347657,"orthographic":false}